name,url,members,category,focus,activity_level,score,best_for
r/CRM,https://www.reddit.com/r/CRM/,20000,CRM-Dedicated,"General CRM discussion, tool comparisons, implementation advice",High,9,Direct CRM tool comparisons and implementation questions
r/sales,https://www.reddit.com/r/sales/,510000,Sales & Business,"Sales strategies, CRM as a sales tool, pipeline management",Very High,8,Understanding how sales teams actually use CRMs day-to-day
r/salesforce,https://www.reddit.com/r/salesforce/,85000,Product-Specific CRM,"Salesforce platform, administration, development, careers",High,8,Salesforce users and professionals
r/CRMSoftware,https://www.reddit.com/r/CRMSoftware/,5000,CRM-Dedicated,"CRM software reviews, best practices, implementation",Medium,7,CRM implementation and technical setup questions
r/smallbusiness,https://www.reddit.com/r/smallbusiness/,1900000,Sales & Business,Small business operations including CRM selection,Very High,7,Small business CRM selection on a budget
r/hubspot,https://www.reddit.com/r/hubspot/,15000,Product-Specific CRM,"HubSpot CRM, marketing automation, inbound sales",Medium-High,7,HubSpot users and evaluators
r/Entrepreneur,https://www.reddit.com/r/Entrepreneur/,3500000,Sales & Business,"Entrepreneurship, startups, business tools including CRM",Very High,6,CRM for startups and growing businesses
r/SaaS,https://www.reddit.com/r/SaaS/,200000,Tech & SaaS,"SaaS products, CRM platforms, integrations",High,6,CRM from a technical/SaaS perspective
r/HighLevel,https://www.reddit.com/r/HighLevel/,8000,Product-Specific CRM,"GoHighLevel CRM, agency management, white-label SaaS",Medium,6,Marketing agencies using GoHighLevel
r/zoho,https://www.reddit.com/r/zoho/,10000,Product-Specific CRM,Zoho CRM and full Zoho suite,Medium,6,Zoho CRM users and evaluators
r/All_About_CRM,https://www.reddit.com/r/All_About_CRM/,2000,CRM-Dedicated,"CRM strategy, automation, analytics, integrations",Low-Medium,5,Advanced CRM strategy and analytics discussions
